hu1,hu2,hu3,hu4,hu5,hu6,hu7,etiqueta
-2.65040151e-01,-5.13847453e-01,2.33818904e-02,8.22305599e-02,1.35152806e-01,-1.66825460e-01,1.77120425e+00,1
3.23668272e-01,9.53150305e-01,1.27441395e+00,2.04400768e+00,-3.72172040e+00,-2.53102809e+00,4.24717270e+00,1
-2.39961657e-01,-4.64407349e-01,1.43544101e-01,2.04640745e-01,3.78853507e-01,-1.94470317e-02,2.00696791e+00,1
3.31145801e-01,9.71328936e-01,1.29785739e+00,2.06659002e+00,-3.77061835e+00,-2.56447198e+00,4.25872770e+00,1
2.44951725e-01,7.64024962e-01,1.00090087e+00,1.78729609e+00,-3.18645886e+00,-2.17276104e+00,4.00003989e+00,1
1.87520046e-01,4.04792325e-01,2.24951855e+00,2.34409100e+00,4.64092550e+00,2.54784227e+00,-6.57270397e+00,1
2.45569073e-01,7.65582840e-01,1.00334904e+00,1.79031672e+00,-3.19126326e+00,-2.17593521e+00,4.05046649e+00,1
1.97860463e-01,4.26915144e-01,2.28646313e+00,2.38572839e+00,4.72185718e+00,2.60054733e+00,-6.63082105e+00,1
3.26857000e-01,9.92190206e-01,1.23958928e+00,1.99520953e+00,-3.62227481e+00,-2.49783849e+00,4.29318033e+00,1
3.25375347e-01,9.87277413e-01,1.23706841e+00,1.99230737e+00,-3.61863411e+00,-2.49394966e+00,4.24821090e+00,1
5.96160947e-01,1.56211671e+00,2.11843288e+00,2.76561226e+00,5.21301509e+00,3.56727432e+00,6.01329486e+00,1
3.09067310e-01,9.28395279e-01,1.19848508e+00,1.95893270e+00,-3.59772365e+00,-2.46392959e+00,3.84599517e+00,1
6.12855901e-01,1.62169634e+00,2.18555806e+00,2.82142040e+00,5.32525986e+00,3.63444655e+00,-6.72128572e+00,1
9.71725283e-02,2.21114358e-01,8.01259592e-01,8.59530133e-01,1.68992659e+00,9.70239865e-01,-4.25757796e+00,1
2.59562281e-01,7.89101347e-01,1.06280312e+00,1.83380763e+00,-3.34974952e+00,-2.26637023e+00,3.56834072e+00,1
5.31977494e-01,1.28409492e+00,2.09156827e+00,2.50904731e+00,4.80982440e+00,3.15314050e+00,6.14223729e+00,1
3.06252608e-01,6.81427727e-01,1.39601000e+00,1.52670038e+00,2.98805558e+00,1.86744701e+00,6.57566830e+00,1
3.45351796e-01,1.01591602e+00,1.31543904e+00,2.09242509e+00,-3.80002180e+00,-2.60126395e+00,4.68454825e+00,1
6.10195213e-01,1.69698447e+00,2.18949346e+00,3.00432789e+00,5.60127190e+00,3.86148752e+00,-7.50823681e+00,1
3.51073042e-01,1.06747655e+00,1.29229300e+00,2.04278630e+00,-3.72393479e+00,-2.58363216e+00,4.31856129e+00,1
2.82314061e-01,8.86557252e-01,1.07460490e+00,1.84196512e+00,-3.30344535e+00,-2.28790049e+00,4.21797234e+00,1
2.93376122e-01,9.16396451e-01,1.11184736e+00,1.87329775e+00,-3.36938531e+00,-2.33477964e+00,4.26303962e+00,1
3.43884946e-01,1.03007061e+00,1.29979404e+00,2.02912226e+00,-3.78548602e+00,-2.61692810e+00,3.92462103e+00,1
4.05675916e-01,9.40131207e-01,1.56756429e+00,1.79484751e+00,3.47606269e+00,2.26491358e+00,-5.66057607e+00,1
3.53525312e-01,1.05426699e+00,1.33699957e+00,2.05099937e+00,-3.88059953e+00,-2.68454242e+00,3.91152854e+00,1
3.46443680e-01,1.03919447e+00,1.30700539e+00,2.03018329e+00,-3.80448598e+00,-2.63238928e+00,3.90581438e+00,1
3.47427993e-01,1.03897774e+00,1.31027829e+00,2.03703015e+00,-3.81131427e+00,-2.63472239e+00,3.92607336e+00,1
3.38197807e-01,7.77124719e-01,1.21033243e+00,1.34660114e+00,2.62509661e+00,1.73624825e+00,4.56464108e+00,1
2.17717145e-01,6.98698684e-01,9.16044433e-01,1.69878031e+00,-3.05437204e+00,-2.08084392e+00,3.35678378e+00,1
3.55167561e-01,7.94647502e-01,1.64718936e+00,1.83359491e+00,3.57429899e+00,2.23986859e+00,4.99547644e+00,1
3.34691772e-01,7.45878857e-01,1.47774461e+00,1.61144345e+00,3.15605073e+00,1.98482614e+00,5.26334226e+00,1
2.55810801e-01,7.78514157e-01,1.02987768e+00,1.83702354e+00,-3.28491074e+00,-2.23899187e+00,3.86629739e+00,1
9.75115423e-02,2.38465782e-01,9.72618800e-01,1.03032226e+00,2.03181628e+00,1.15078902e+00,-4.01475018e+00,1
2.20707334e-01,7.08441990e-01,9.31563520e-01,1.71915137e+00,-3.05527096e+00,-2.07789050e+00,-3.70229545e+00,1
1.57094869e-01,5.42495149e-01,7.58196954e-01,1.55825197e+00,-2.75762117e+00,-1.85049995e+00,-3.09794405e+00,1
7.79292122e-01,4.90819475e+00,4.92677090e+00,6.63994504e+00,1.33578181e+01,9.63959181e+00,1.24262588e+01,2
7.79406760e-01,4.62421175e+00,5.16848041e+00,6.78980149e+00,1.33987345e+01,9.67128514e+00,1.27812281e+01,2
7.79091886e-01,5.25082473e+00,4.58079380e+00,6.61784099e+00,-1.24693328e+01,9.28248081e+00,1.22987043e+01,2
7.77261079e-01,4.14996090e+00,4.10439399e+00,5.90084696e+00,-1.09171699e+01,-7.98900037e+00,-1.15102608e+01,2
7.78157230e-01,5.11512356e+00,4.10394370e+00,6.03446884e+00,-1.11066637e+01,-8.60061554e+00,1.20358145e+01,2
7.77937006e-01,5.55725076e+00,4.44933419e+00,6.51331761e+00,-1.20395830e+01,9.71902001e+00,1.23587891e+01,2
7.78400285e-01,5.32653759e+00,4.64552010e+00,6.78876633e+00,-1.28752801e+01,9.99698044e+00,1.25496652e+01,2
7.79162009e-01,4.88173395e+00,4.95754328e+00,7.04115143e+00,1.32941018e+01,-9.78336190e+00,-1.31213968e+01,2
7.79501336e-01,4.34739631e+00,4.93108579e+00,6.64197825e+00,-1.24289438e+01,-8.87605083e+00,1.37786087e+01,2
7.78859310e-01,4.10556932e+00,4.80486695e+00,6.56196753e+00,-1.22803824e+01,-8.84187615e+00,-1.26590068e+01,2
7.78218262e-01,5.33179158e+00,5.53604705e+00,7.61942917e+00,-1.42654275e+01,1.05170388e+01,1.44816974e+01,2
7.77902449e-01,4.54864911e+00,4.92663815e+00,7.24992054e+00,-1.34878347e+01,-9.76374098e+00,-1.34895986e+01,2
7.77510186e-01,4.82347112e+00,4.80058067e+00,6.95656992e+00,-1.39081509e+01,-9.38030725e+00,-1.28367023e+01,2
7.77813470e-01,4.73940552e+00,4.85804972e+00,7.06369902e+00,-1.35298051e+01,-9.45842685e+00,-1.30468785e+01,2
7.77723616e-01,4.54568382e+00,4.79287067e+00,6.94714266e+00,-1.33140608e+01,-9.22474933e+00,-1.28403740e+01,2
7.78038512e-01,4.76515570e+00,4.90112905e+00,7.13789545e+00,-1.35846165e+01,-9.52624580e+00,-1.31901141e+01,2
7.78031924e-01,4.64518480e+00,4.87055674e+00,7.05015685e+00,-1.31228343e+01,-9.43346991e+00,-1.32074059e+01,2
7.77933877e-01,5.06132385e+00,5.20472294e+00,7.42209412e+00,-1.37704951e+01,-1.01541762e+01,-1.41491540e+01,2
7.78649639e-01,4.93122562e+00,5.62232122e+00,7.94252727e+00,-1.49826850e+01,-1.05750219e+01,-1.48040103e+01,2
7.78901541e-01,4.69636973e+00,5.78318739e+00,8.75981542e+00,1.76267648e+01,-1.24716692e+01,1.60314568e+01,2
7.78549386e-01,4.68421207e+00,5.70317798e+00,8.27543872e+00,1.53554798e+01,-1.07188987e+01,1.54980312e+01,2
7.78337390e-01,4.85849673e+00,5.29225710e+00,7.43256829e+00,-1.37959476e+01,1.04351926e+01,-1.49712216e+01,2
7.78390598e-01,4.61586086e+00,5.25526909e+00,7.34818339e+00,-1.37284443e+01,9.88732394e+00,-1.39088412e+01,2
7.78294516e-01,4.71151333e+00,5.45305576e+00,8.21108013e+00,1.50853875e+01,-1.06049305e+01,1.54194438e+01,2
7.77211795e-01,5.47763409e+00,5.07965685e+00,7.13203074e+00,1.39890724e+01,-1.05778689e+01,-1.32448132e+01,2
7.76891855e-01,5.67972948e+00,4.58941729e+00,6.63728804e+00,-1.22575638e+01,9.58399845e+00,-1.30023204e+01,2
7.76700002e-01,5.06400248e+00,4.17553576e+00,6.21284380e+00,-1.17756253e+01,-9.65220366e+00,-1.14509635e+01,2