epoca,perdida_entrenamiento,perdida_validacion,dice_entrenamiento,dice_validacion,lr
1,1.2159743086298234,0.9883958379619555,0.2698851770268632,0.7577598245806778,0.001
2,0.7514227765059813,0.7283199754890036,0.6086202099031465,0.7346500562079774,0.001
3,0.44434757800872116,0.7488525515593193,0.6625129641913207,0.6149745118295595,0.001
4,0.36834681056009666,0.6136666340528479,0.6965635194628321,0.8036356277952735,0.001
5,0.3634956117148082,0.60912845733661,0.6953982925712944,0.795910550053459,0.001
6,0.3365692466267245,0.5978699147029392,0.7178789567578707,0.8136988929080347,0.001
7,0.34047533914244055,0.5922142896867221,0.7158999829879179,0.8172338561901845,0.001
8,0.3382597579899936,0.6313517120533327,0.72478422282607,0.7983023831928254,0.001
9,0.32750978290968935,0.6038489810126607,0.7314592109957715,0.7949042907086618,0.001
10,0.310629898329437,0.6234232011624581,0.7393854951372285,0.7632591684217458,0.001
